Aircraft_Type,ICAO_WTC,RECAT_7_Group,Comment
A1,M,CAT-G,
A10,M,CAT-F,
A122,L,CAT-G,
A124,H,CAT-B,
A140,M,CAT-F,
A148,M,CAT-E,
A158,M,CAT-E,
A16,L,CAT-G,
A19,L,CAT-G,
A19N,M,CAT-D,
A20,M,CAT-G,
A20N,M,CAT-D,
A21,L,CAT-G,
A210,L,CAT-G,
A211,L,CAT-G,
A21N,M,CAT-D,
A22,L,CAT-G,
A223,L,CAT-G,
A225,H,No RECAT,No RECAT
A23,L,CAT-G,
A27,L,CAT-G,
A270,L,CAT-G,
A29,L,CAT-G,
A3,M,CAT-F,
A306,H,CAT-C,
A30B,H,CAT-C,
A31,L,CAT-G,
A310,H,CAT-C,
A318,M,CAT-D,
A319,M,CAT-D,
A320,M,CAT-D,
A321,M,CAT-D,
A33,L,CAT-G,
A332,H,CAT-B,
A333,H,CAT-B,
A342,H,CAT-B,
A343,H,CAT-B,
A345,H,CAT-B,
A346,H,CAT-B,
A35,L,CAT-G,
A359,H,CAT-B,
A35K,H,CAT-B,
A37,L,CAT-G,
A388,S,CAT-A,
A3ST,H,CAT-C,
A4,M,CAT-G,
A400,H,CAT-C,
A50,H,CAT-C,
A500,L,CAT-G,
A504,L,CAT-G,
A6,M,CAT-F,
A660,L,CAT-G,
A7,M,CAT-F,
A700,L,CAT-G,
A743,M,CAT-E,
A748,M,CAT-E,
A890,L,CAT-G,
A9,L,CAT-G,
A900,L,CAT-G,
A910,L,CAT-G,
AA1,L,CAT-G,
AA37,L,CAT-G,
AA5,L,CAT-G,
AAT3,L,CAT-G,
AAT4,L,CAT-G,
AB11,L,CAT-G,
AB15,L,CAT-G,
AB18,L,CAT-G,
AB95,L,CAT-G,
AC11,L,CAT-G,
AC4,L,CAT-G,
AC50,L,CAT-G,
AC52,L,CAT-G,
AC56,L,CAT-G,
AC5A,L,CAT-G,
AC5M,L,CAT-G,
AC68,L,CAT-G,
AC6L,L,CAT-G,
AC72,L,CAT-G,
AC80,L,CAT-G,
AC90,L,CAT-G,
AC95,L,CAT-G,
ACAM,L,CAT-G,
ACAR,L,CAT-G,
ACED,L,CAT-G,
ACPL,L,CAT-G,
ACR2,L,CAT-G,
ACRD,L,CAT-G,
ACRO,L,CAT-G,
ACSR,L,CAT-G,
AD20,L,CAT-G,
ADVE,L,CAT-G,
AE45,L,CAT-G,
AEA1,L,CAT-G,
AERK,L,CAT-G,
AEST,L,CAT-G,
AFOX,L,CAT-G,
AG02,L,CAT-G,
AI10,L,CAT-G,
AIGT,L,CAT-G,
AIRD,L,CAT-G,
AIRL,L,CAT-G,
AJ27,M,CAT-F,
AJET,M,CAT-G,
AK1,L,CAT-G,
AKRO,L,CAT-G,
ALBU,L,CAT-G,
ALC1,L,CAT-G,
ALGR,L,CAT-G,
ALIG,L,CAT-G,
ALIZ,M,CAT-G,
ALPI,L,CAT-G,
ALSL,L,CAT-G,
ALTO,L,CAT-G,
AM3,L,CAT-G,
AMX,M,CAT-G,
AN12,M,CAT-D,
AN2,L,CAT-G,
AN22,H,CAT-B,
AN24,M,CAT-E,
AN26,M,CAT-E,
AN28,L,CAT-G,
AN3,L,CAT-G,
AN30,M,CAT-E,
AN32,M,CAT-E,
AN38,M,CAT-G,
AN70,M,CAT-D,
AN72,M,CAT-E,
AN8,M,CAT-D,
ANGL,L,CAT-G,
ANSN,L,CAT-G,
AP20,L,CAT-G,
AP22,L,CAT-G,
AP26,L,CAT-G,
AP28,L,CAT-G,
AP36,L,CAT-G,
APM2,L,CAT-G,
APM3,L,CAT-G,
APM4,L,CAT-G,
APUP,L,CAT-G,
AR11,L,CAT-G,
AR15,L,CAT-G,
AR50,L,CAT-G,
AR5T,L,CAT-G,
AR65,L,CAT-G,
AR6T,L,CAT-G,
AR79,L,CAT-G,
ARCE,L,CAT-G,
ARCP,L,CAT-G,
ARES,L,CAT-G,
ARKS,L,CAT-G,
ARON,L,CAT-G,
ARV1,L,CAT-G,
ARVA,L,CAT-G,
ARWF,L,CAT-G,
AS02,L,CAT-G,
AS14,L,CAT-G,
AS16,L,CAT-G,
AS20,L,CAT-G,
AS21,L,CAT-G,
AS22,L,CAT-G,
AS24,L,CAT-G,
AS25,L,CAT-G,
AS26,L,CAT-G,
AS28,L,CAT-G,
AS29,L,CAT-G,
AS2T,L,CAT-G,
AS30,L,CAT-G,
AS31,L,CAT-G,
AS80,L,CAT-G,
ASO4,L,CAT-G,
ASTO,L,CAT-G,
ASTR,M,CAT-G,
AT2P,L,CAT-G,
AT3,M,CAT-G,
AT3P,L,CAT-G,
AT3T,L,CAT-G,
AT43,M,CAT-F,
AT44,M,CAT-F,
AT45,M,CAT-F,
AT46,M,CAT-F,
AT5P,L,CAT-G,
AT5T,L,CAT-G,
AT6T,L,CAT-G,
AT72,M,CAT-F,
AT73,M,CAT-F,
AT75,M,CAT-F,
AT76,M,CAT-F,
AT8T,M,CAT-G,
ATAC,L,CAT-G,
ATG1,L,CAT-G,
ATIS,L,CAT-G,
ATL,L,CAT-G,
ATLA,M,CAT-D,
ATP,M,CAT-E,
ATTL,L,CAT-G,
AU11,L,CAT-G,
AUJ2,L,CAT-G,
AUJ4,L,CAT-G,
AUS3,L,CAT-G,
AUS4,L,CAT-G,
AUS5,L,CAT-G,
AUS6,L,CAT-G,
AUS7,L,CAT-G,
AUS9,L,CAT-G,
AV68,L,CAT-G,
AVID,L,CAT-G,
AVIN,L,CAT-G,
AVK4,L,CAT-G,
B1,H,CAT-C,
B13,L,CAT-G,
B14A,L,CAT-G,
B14B,L,CAT-G,
B14C,L,CAT-G,
B17,M,CAT-E,
B18T,L,CAT-G,
B190,M,CAT-G,
B2,H,CAT-C,
B209,L,CAT-G,
B23,M,CAT-G,
B24,M,CAT-D,
B25,M,CAT-F,
B26,M,CAT-F,
B26M,M,CAT-G,
B29,M,CAT-D,
B350,L,CAT-G,
B360,L,CAT-G,
B36T,L,CAT-G,
B37M,M,CAT-D,
B38M,M,CAT-D,
B39M,M,CAT-D,
B461,M,CAT-F,
B462,M,CAT-F,
B463,M,CAT-F,
B52,H,CAT-B,
B58T,L,CAT-G,
B60,L,CAT-G,
B60T,L,CAT-G,
B701,M,CAT-D,
B703,H,CAT-C,
B712,M,CAT-E,
B720,M,CAT-D,
B721,M,CAT-D,
B722,M,CAT-D,
B732,M,CAT-E,
B733,M,CAT-E,
B734,M,CAT-E,
B735,M,CAT-E,
B736,M,CAT-D,
B737,M,CAT-D,
B738,M,CAT-D,
B739,M,CAT-D,
B741,H,CAT-B,
B742,H,CAT-B,
B743,H,CAT-B,
B744,H,CAT-B,
B748,H,CAT-B,
B74D,H,CAT-B,
B74R,H,CAT-B,
B74S,H,CAT-B,
B752,M,CAT-D,
B753,M,CAT-D,
B762,H,CAT-C,
B763,H,CAT-C,
B764,H,CAT-C,
B772,H,CAT-B,
B773,H,CAT-B,
B778,H,TBC,TBC
B779,H,TBC,TBC
B77L,H,CAT-B,
B77W,H,CAT-B,
B788,H,CAT-B,
B789,H,CAT-B,
B78X,H,CAT-B,
BA11,M,CAT-E,
BAR6,L,CAT-G,
BARC,L,CAT-G,
BASS,L,CAT-G,
BBAT,L,CAT-G,
BBIR,L,CAT-G,
BCA3,L,CAT-G,
BCAT,L,CAT-G,
BCS1,M,CAT-D,
BCS3,M,CAT-D,
BD10,L,CAT-G,
BD12,L,CAT-G,
BD17,L,CAT-G,
BD4,L,CAT-G,
BD5,L,CAT-G,
BD5J,L,CAT-G,
BD5T,L,CAT-G,
BDOG,L,CAT-G,
BE10,L,CAT-G,
BE17,L,CAT-G,
BE18,L,CAT-G,
BE19,L,CAT-G,
BE20,L,CAT-G,
BE23,L,CAT-G,
BE24,L,CAT-G,
BE30,L,CAT-G,
BE32,M,CAT-G,
BE33,L,CAT-G,
BE35,L,CAT-G,
BE36,L,CAT-G,
BE40,M,CAT-G,
BE45,M,CAT-G,
BE50,L,CAT-G,
BE55,L,CAT-G,
BE56,L,CAT-G,
BE58,L,CAT-G,
BE60,L,CAT-G,
BE65,L,CAT-G,
BE70,L,CAT-G,
BE76,L,CAT-G,
BE77,L,CAT-G,
BE80,L,CAT-G,
BE88,L,CAT-G,
BE95,L,CAT-G,
BE99,L,CAT-G,
BE9L,L,CAT-G,
BE9T,L,CAT-G,
BEAR,L,CAT-G,
BELF,M,CAT-D,
BETA,L,CAT-G,
BEVR,L,CAT-G,
BF19,L,CAT-G,
BFIT,L,CAT-G,
BILO,L,CAT-G,
BIPL,L,CAT-G,
BIRD,L,CAT-G,
BISC,L,CAT-G,
BKUT,L,CAT-G,
BL11,L,CAT-G,
BL17,L,CAT-G,
BL19,L,CAT-G,
BL8,L,CAT-G,
BLBU,L,CAT-G,
BLCF,H,CAT-B,
BLEN,L,CAT-G,
BLKS,L,CAT-G,
BM6,L,CAT-G,
BMAN,L,CAT-G,
BN2P,L,CAT-G,
BN2T,L,CAT-G,
BOLT,L,CAT-G,
BOOM,L,CAT-G,
BPAT,L,CAT-G,
BPOD,L,CAT-G,
BR14,L,CAT-G,
BR60,L,CAT-G,
BR61,L,CAT-G,
BRAV,L,CAT-G,
BREZ,L,CAT-G,
BROU,L,CAT-G,
BS60,L,CAT-G,
BSCA,H,CAT-B,
BSTR,L,CAT-G,
BT36,L,CAT-G,
BTUB,L,CAT-G,
BU20,L,CAT-G,
BU31,L,CAT-G,
BU33,L,CAT-G,
BU81,L,CAT-G,
BUC,M,CAT-F,
BULT,L,CAT-G,
BX2,L,CAT-G,
C02T,L,CAT-G,
C04T,L,CAT-G,
C06T,L,CAT-G,
C07T,L,CAT-G,
C08T,L,CAT-G,
C1,M,CAT-E,
C101,L,CAT-G,
C10T,L,CAT-G,
C119,M,CAT-D,
C120,L,CAT-G,
C123,M,CAT-D,
C125,M,CAT-F,
C130,M,CAT-D,
C133,M,CAT-D,
C135,H,CAT-C,
C140,L,CAT-G,
C141,H,CAT-C,
C14T,L,CAT-G,
C15,M,CAT-D,
C150,L,CAT-G,
C152,L,CAT-G,
C160,M,CAT-D,
C162,L,CAT-G,
C17,H,CAT-C,
C170,L,CAT-G,
C172,L,CAT-G,
C175,L,CAT-G,
C177,L,CAT-G,
C180,L,CAT-G,
C182,L,CAT-G,
C185,L,CAT-G,
C188,L,CAT-G,
C190,L,CAT-G,
C195,L,CAT-G,
C2,M,CAT-F,
C205,L,CAT-G,
C206,L,CAT-G,
C207,L,CAT-G,
C208,L,CAT-G,
C210,L,CAT-G,
C212,M,CAT-G,
C21T,L,CAT-G,
C22J,L,CAT-G,
C240,L,CAT-G,
C25A,L,CAT-G,
C25B,L,CAT-G,
C25C,M,CAT-G,
C25M,L,CAT-G,
C270,L,CAT-G,
C27J,M,CAT-E,
C295,M,CAT-F,
C303,L,CAT-G,
C309,L,CAT-G,
C30J,M,CAT-D,
C310,L,CAT-G,
C320,L,CAT-G,
C335,L,CAT-G,
C336,L,CAT-G,
C337,L,CAT-G,
C340,L,CAT-G,
C365,L,CAT-G,
C402,L,CAT-G,
C404,L,CAT-G,
C411,L,CAT-G,
C414,L,CAT-G,
C42,L,CAT-G,
C421,L,CAT-G,
C425,L,CAT-G,
C441,L,CAT-G,
C46,M,CAT-D,
C5,H,CAT-B,
C500,L,CAT-G,
C501,L,CAT-G,
C510,L,CAT-G,
C525,L,CAT-G,
C526,L,CAT-G,
C550,L,CAT-G,
C551,L,CAT-G,
C55B,L,CAT-G,
C560,M,CAT-G,
C56X,M,CAT-G,
C5M,H,CAT-B,
C650,M,CAT-G,
C680,M,CAT-G,
C68A,M,CAT-G,
C72R,L,CAT-G,
C750,M,CAT-G,
C77R,L,CAT-G,
C82,M,CAT-D,
C82R,L,CAT-G,
C82S,L,CAT-G,
C82T,L,CAT-G,
C97,M,CAT-D,
CA12,L,CAT-G,
CA19,L,CAT-G,
CA1P,L,CAT-G,
CA1T,L,CAT-G,
CA25,L,CAT-G,
CA3,L,CAT-G,
CA4,L,CAT-G,
CA41,L,CAT-G,
CA6,L,CAT-G,
CA61,L,CAT-G,
CA65,L,CAT-G,
CA7P,L,CAT-G,
CA7T,L,CAT-G,
CA8,L,CAT-G,
CA9,L,CAT-G,
CABI,L,CAT-G,
CABN,L,CAT-G,
CAD2,L,CAT-G,
CAD4,L,CAT-G,
CAJ,L,CAT-G,
CAML,L,CAT-G,
CAMP,L,CAT-G,
CAN4,L,CAT-G,
CAPL,L,CAT-G,
CAR,L,CAT-G,
CARV,M,CAT-D,
CASS,L,CAT-G,
CAT1,L,CAT-G,
CAT2,L,CAT-G,
CAW,L,CAT-G,
CB1,L,CAT-G,
CDC6,L,CAT-G,
CDW1,L,CAT-G,
CE43,L,CAT-G,
CEGL,L,CAT-G,
CELR,L,CAT-G,
CENT,L,CAT-G,
CG3,L,CAT-G,
CH1,L,CAT-G,
CH10,L,CAT-G,
CH15,L,CAT-G,
CH18,L,CAT-G,
CH20,L,CAT-G,
CH25,L,CAT-G,
CH2T,L,CAT-G,
CH30,L,CAT-G,
CH40,L,CAT-G,
CH50,L,CAT-G,
CH60,L,CAT-G,
CH62,L,CAT-G,
CH64,L,CAT-G,
CH65,L,CAT-G,
CH70,L,CAT-G,
CH75,L,CAT-G,
CH7A,L,CAT-G,
CH7B,L,CAT-G,
CH80,L,CAT-G,
CHAN,L,CAT-G,
CHCS,L,CAT-G,
CHGO,L,CAT-G,
CHIC,L,CAT-G,
CHIN,L,CAT-G,
CHIP,L,CAT-G,
CHR1,L,CAT-G,
CHR4,L,CAT-G,
CICA,L,CAT-G,
CJ1,L,CAT-G,
CJ6,L,CAT-G,
CKUO,M,CAT-G,
CL30,M,CAT-G,
CL35,M,CAT-G,
CL41,L,CAT-G,
CL44,M,CAT-D,
CL4G,M,CAT-D,
CL60,M,CAT-F,
CL8,L,CAT-G,
CLA,L,CAT-G,
CLB1,L,CAT-G,
CLBR,L,CAT-G,
CLDS,L,CAT-G,
CMA3,L,CAT-G,
CMAS,L,CAT-G,
CN12,L,CAT-G,
CN35,M,CAT-G,
CNBR,M,CAT-F,
CNDR,L,CAT-G,
CNGP,L,CAT-G,
CNUK,L,CAT-G,
CO50,L,CAT-G,
COAR,L,CAT-G,
COBR,L,CAT-G,
COL3,L,CAT-G,
COL4,L,CAT-G,
CONI,M,CAT-D,
CORO,L,CAT-G,
CORR,L,CAT-G,
CORS,M,CAT-G,
CORV,L,CAT-G,
COUG,L,CAT-G,
COUR,L,CAT-G,
COY2,L,CAT-G,
COZY,L,CAT-G,
CP10,L,CAT-G,
CP13,L,CAT-G,
CP20,L,CAT-G,
CP21,L,CAT-G,
CP22,L,CAT-G,
CP23,L,CAT-G,
CP30,L,CAT-G,
CP32,L,CAT-G,
CP60,L,CAT-G,
CP65,L,CAT-G,
CP75,L,CAT-G,
CP80,L,CAT-G,
CP90,L,CAT-G,
CPNA,L,CAT-G,
CPUP,L,CAT-G,
CR10,L,CAT-G,
CRA1,L,CAT-G,
CRAC,L,CAT-G,
CRER,L,CAT-G,
CRES,L,CAT-G,
CRJ1,M,CAT-F,
CRJ2,M,CAT-F,
CRJ7,M,CAT-F,
CRJ9,M,CAT-F,
CRJX,M,CAT-F,
CRUZ,L,CAT-G,
CT4,L,CAT-G,
CTAH,L,CAT-G,
CUB2,L,CAT-G,
CUCA,L,CAT-G,
CULP,L,CAT-G,
CULV,L,CAT-G,
CULX,L,CAT-G,
CVLP,M,CAT-E,
CVLT,M,CAT-D,
CX5,L,CAT-G,
CYCL,L,CAT-G,
CYGT,L,CAT-G,
D1,L,CAT-G,
D11,L,CAT-G,
D139,L,CAT-G,
D140,L,CAT-G,
D150,L,CAT-G,
D18,L,CAT-G,
D201,L,CAT-G,
D228,L,CAT-G,
D25,L,CAT-G,
D250,L,CAT-G,
D253,L,CAT-G,
D28D,L,CAT-G,
D28T,L,CAT-G,
D31,L,CAT-G,
D328,M,CAT-G,
D39,L,CAT-G,
D4,L,CAT-G,
D5,L,CAT-G,
D5TU,L,CAT-G,
D6,L,CAT-G,
D6CR,L,CAT-G,
D7,L,CAT-G,
D8,L,CAT-G,
DA2,L,CAT-G,
DA36,L,CAT-G,
DA40,L,CAT-G,
DA42,L,CAT-G,
DA5,L,CAT-G,
DA50,L,CAT-G,
DA62,L,CAT-G,
DAHU,L,CAT-G,
DAKH,L,CAT-G,
DAL1,L,CAT-G,
DAL4,L,CAT-G,
DAL5,L,CAT-G,
DART,L,CAT-G,
DC10,H,CAT-C,
DC2,M,CAT-G,
DC3,M,CAT-G,
DC3S,M,CAT-G,
DC3T,M,CAT-G,
DC4,M,CAT-D,
DC6,M,CAT-D,
DC7,M,CAT-D,
DC85,H,CAT-C,
DC86,H,CAT-C,
DC87,H,CAT-C,
DC91,M,CAT-F,
DC92,M,CAT-E,
DC93,M,CAT-E,
DC94,M,CAT-E,
DC95,M,CAT-E,
DEFI,L,CAT-G,
DELF,L,CAT-G,
DFL6,L,CAT-G,
DFLY,L,CAT-G,
DG15,L,CAT-G,
DG1T,L,CAT-G,
DG40,L,CAT-G,
DG50,L,CAT-G,
DG60,L,CAT-G,
DG80,L,CAT-G,
DH2T,L,CAT-G,
DH3T,L,CAT-G,
DH60,L,CAT-G,
DH80,L,CAT-G,
DH82,L,CAT-G,
DH83,L,CAT-G,
DH85,L,CAT-G,
DH87,L,CAT-G,
DH88,L,CAT-G,
DH89,L,CAT-G,
DH8A,M,CAT-F,
DH8B,M,CAT-F,
DH8C,M,CAT-F,
DH8D,M,CAT-E,
DH90,L,CAT-G,
DH94,L,CAT-G,
DHA3,L,CAT-G,
DHC1,L,CAT-G,
DHC2,L,CAT-G,
DHC3,L,CAT-G,
DHC4,M,CAT-G,
DHC5,M,CAT-E,
DHC6,L,CAT-G,
DHC7,M,CAT-E,
DIES,L,CAT-G,
DIJ3,L,CAT-G,
DIMO,L,CAT-G,
DINO,L,CAT-G,
DISC,L,CAT-G,
DJET,L,CAT-G,
DLH2,L,CAT-G,
DLTA,L,CAT-G,
DO27,L,CAT-G,
DO28,L,CAT-G,
DOCX,L,CAT-G,
DON,L,CAT-G,
DOVE,L,CAT-G,
DR1,L,CAT-G,
DR10,L,CAT-G,
DR22,L,CAT-G,
DR30,L,CAT-G,
DR40,L,CAT-G,
DRIF,L,CAT-G,
DRTG,L,CAT-G,
DSA1,L,CAT-G,
DSK,L,CAT-G,
DSLK,L,CAT-G,
DUB2,L,CAT-G,
DUCE,L,CAT-G,
DUOD,L,CAT-G,
DUR5,L,CAT-G,
DV1,L,CAT-G,
DV2,L,CAT-G,
DV20,L,CAT-G,
DW1,L,CAT-G,
DWD2,L,CAT-G,
E110,L,CAT-G,
E120,M,CAT-G,
E121,L,CAT-G,
E135,M,CAT-F,
E145,M,CAT-F,
E170,M,CAT-F,
E190,M,CAT-E,
E2,M,CAT-F,
E200,L,CAT-G,
E230,L,CAT-G,
E2CB,L,CAT-G,
E300,L,CAT-G,
E314,L,CAT-G,
E350,L,CAT-G,
E35L,M,CAT-F,
E3CF,H,CAT-C,
E3TF,H,CAT-C,
E400,L,CAT-G,
E45X,M,CAT-F,
E500,L,CAT-G,
E50P,L,CAT-G,
E545,M,CAT-G,
E550,M,CAT-G,
E55P,M,CAT-G,
E6,H,CAT-C,
E737,M,CAT-D,
E75L,M,CAT-F,
E75S,M,CAT-F,
E767,H,CAT-C,
E7BH,L,CAT-G,
EA40,L,CAT-G,
EA50,L,CAT-G,
EAEA,L,CAT-G,
EAGL,L,CAT-G,
EAGT,L,CAT-G,
EAGX,L,CAT-G,
EC6,L,CAT-G,
ECHO,L,CAT-G,
EDGE,L,CAT-G,
EDGT,L,CAT-G,
EFOX,L,CAT-G,
EGRT,L,CAT-G,
EL20,L,CAT-G,
ELF,L,CAT-G,
ELIT,L,CAT-G,
ELPS,L,CAT-G,
ELST,L,CAT-G,
ELTR,L,CAT-G,
EM10,L,CAT-G,
EM11,L,CAT-G,
EP9,L,CAT-G,
EPER,L,CAT-G,
EPIC,L,CAT-G,
EPX1,L,CAT-G,
ERAC,L,CAT-G,
ERCO,L,CAT-G,
ES13,L,CAT-G,
ESCA,L,CAT-G,
ESCP,L,CAT-G,
ESQL,L,CAT-G,
ETAR,M,CAT-G,
EUFI,M,CAT-F,
EUPA,L,CAT-G,
EURT,L,CAT-G,
EV55,L,CAT-G,
EV97,L,CAT-G,
EVAN,L,CAT-G,
EVIC,L,CAT-G,
EVOP,L,CAT-G,
EVOT,L,CAT-G,
EVSS,L,CAT-G,
EX5T,L,CAT-G,
EXPR,L,CAT-G,
EZFL,L,CAT-G,
EZFT,L,CAT-G,
EZHV,L,CAT-G,
EZIK,L,CAT-G,
EZKC,L,CAT-G,
F1,M,CAT-G,
F100,M,CAT-E,
F104,M,CAT-G,
F106,M,CAT-G,
F111,M,CAT-F,
F117,M,CAT-F,
F14,M,CAT-F,
F15,M,CAT-F,
F156,L,CAT-G,
F16,M,CAT-F,
F16X,M,CAT-F,
F18H,M,CAT-F,
F18S,M,CAT-F,
F1FV,L,CAT-G,
F2,M,CAT-F,
F22,M,CAT-F,
F260,L,CAT-G,
F26T,L,CAT-G,
F27,M,CAT-E,
F28,M,CAT-F,
F2TH,M,CAT-G,
F30,L,CAT-G,
F35,M,CAT-F,
F3F,L,CAT-G,
F4,M,CAT-F,
F406,L,CAT-G,
F41E,L,CAT-G,
F5,M,CAT-G,
F50,M,CAT-E,
F5SA,M,CAT-G,
F60,M,CAT-E,
F600,L,CAT-G,
F70,M,CAT-E,
F8,M,CAT-G,
F86,M,CAT-G,
F8L,L,CAT-G,
F900,M,CAT-F,
F9F,L,CAT-G,
FA01,L,CAT-G,
FA02,L,CAT-G,
FA03,L,CAT-G,
FA04,L,CAT-G,
FA10,M,CAT-G,
FA11,L,CAT-G,
FA20,M,CAT-G,
FA24,L,CAT-G,
FA50,M,CAT-G,
FA5X,M,CAT-F,
FA62,L,CAT-G,
FA7X,M,CAT-F,
FA8X,M,CAT-F,
FAET,L,CAT-G,
FALC,L,CAT-G,
FALM,L,CAT-G,
FANL,L,CAT-G,
FANT,L,CAT-G,
FB1A,L,CAT-G,
FB1B,L,CAT-G,
FB5,L,CAT-G,
FBA2,L,CAT-G,
FBIR,L,CAT-G,
FC1,M,CAT-G,
FDCT,L,CAT-G,
FDMC,L,CAT-G,
FE51,L,CAT-G,
FEST,L,CAT-G,
FFLY,L,CAT-G,
FG01,L,CAT-G,
FGT,L,CAT-G,
FIBO,L,CAT-G,
FIKD,L,CAT-G,
FIKE,L,CAT-G,
FINC,L,CAT-G,
FJ10,L,CAT-G,
FJR3,L,CAT-G,
FK12,L,CAT-G,
FK14,L,CAT-G,
FK9,L,CAT-G,
FL3,L,CAT-G,
FL53,L,CAT-G,
FL54,L,CAT-G,
FL55,L,CAT-G,
FLAM,L,CAT-G,
FLE2,L,CAT-G,
FLE7,L,CAT-G,
FLIZ,L,CAT-G,
FLSH,L,CAT-G,
FLSS,L,CAT-G,
FM25,L,CAT-G,
FNKB,L,CAT-G,
FOOF,L,CAT-G,
FORT,L,CAT-G,
FOUG,L,CAT-G,
FOX,L,CAT-G,
FOXT,L,CAT-G,
FREE,L,CAT-G,
FRNT,L,CAT-G,
FRON,L,CAT-G,
FS51,L,CAT-G,
FT30,L,CAT-G,
FU24,L,CAT-G,
FURY,L,CAT-G,
FW19,L,CAT-G,
FW21,L,CAT-G,
FW44,L,CAT-G,
FW90,L,CAT-G,
G1,L,CAT-G,
G103,L,CAT-G,
G109,L,CAT-G,
G115,L,CAT-G,
G120,L,CAT-G,
G12T,L,CAT-G,
G140,L,CAT-G,
G150,M,CAT-G,
G159,M,CAT-G,
G15T,L,CAT-G,
G160,L,CAT-G,
G164,L,CAT-G,
G180,L,CAT-G,
G200,L,CAT-G,
G202,L,CAT-G,
G222,M,CAT-E,
G250,M,CAT-G,
G280,M,CAT-G,
G2GL,L,CAT-G,
G2T1,L,CAT-G,
G3,L,CAT-G,
G300,L,CAT-G,
G46,L,CAT-G,
G4SG,L,CAT-G,
G59,L,CAT-G,
G64T,L,CAT-G,
G800,L,CAT-G,
G850,M,CAT-G,
G96,M,CAT-G,
G97,L,CAT-G,
GA10,L,CAT-G,
GA20,L,CAT-G,
GA5C,M,CAT-E,
GA6C,M,CAT-E,
GA7,L,CAT-G,
GA8,L,CAT-G,
GALX,M,CAT-G,
GANT,M,CAT-G,
GAUN,L,CAT-G,
GAVI,L,CAT-G,
GBSP,L,CAT-G,
GC1,L,CAT-G,
GEMI,L,CAT-G,
GENI,L,CAT-G,
GEPE,L,CAT-G,
GF20,L,CAT-G,
GFLY,M,CAT-G,
GL5T,M,CAT-E,
GL6T,M,CAT-F,
GLAD,L,CAT-G,
GLAS,L,CAT-G,
GLEX,M,CAT-E,
GLF2,M,CAT-F,
GLF3,M,CAT-F,
GLF4,M,CAT-F,
GLF5,M,CAT-E,
GLF6,M,CAT-E,
GLSP,L,CAT-G,
GLST,L,CAT-G,
GLTU,L,CAT-G,
GM01,L,CAT-G,
GM17,L,CAT-G,
GMGC,L,CAT-G,
GNAT,L,CAT-G,
GOLF,L,CAT-G,
GOTR,L,CAT-G,
GP1,L,CAT-G,
GP4,L,CAT-G,
GR51,L,CAT-G,
GRAF,L,CAT-G,
GRFN,L,CAT-G,
GRIF,L,CAT-G,
GRIZ,L,CAT-G,
GSIS,L,CAT-G,
GSPN,L,CAT-G,
GUEP,L,CAT-G,
GURI,L,CAT-G,
GX,L,CAT-G,
GY10,L,CAT-G,
GY20,L,CAT-G,
GY30,L,CAT-G,
GY80,L,CAT-G,
H111,M,CAT-G,
H202,L,CAT-G,
H204,L,CAT-G,
H207,L,CAT-G,
H25A,M,CAT-G,
H25B,M,CAT-G,
H25C,M,CAT-G,
H40,L,CAT-G,
HA31,L,CAT-G,
HA4T,M,CAT-G,
HAHU,L,CAT-G,
HAR,M,CAT-G,
HAWK,M,CAT-G,
HB21,L,CAT-G,
HB23,L,CAT-G,
HB3,L,CAT-G,
HCAT,L,CAT-G,
HD34,M,CAT-D,
HDJT,L,CAT-G,
HEAD,L,CAT-G,
HERN,L,CAT-G,
HF20,M,CAT-G,
HI27,L,CAT-G,
HIGH,L,CAT-G,
HIND,L,CAT-G,
HL2,L,CAT-G,
HLD4,L,CAT-G,
HM38,L,CAT-G,
HN70,L,CAT-G,
HORN,L,CAT-G,
HORZ,L,CAT-G,
HPZL,L,CAT-G,
HR10,L,CAT-G,
HR20,L,CAT-G,
HRNT,L,CAT-G,
HROC,L,CAT-G,
HRYA,L,CAT-G,
HT16,L,CAT-G,
HT2,L,CAT-G,
HT32,L,CAT-G,
HT34,L,CAT-G,
HT36,L,CAT-G,
HU1,L,CAT-G,
HU2,L,CAT-G,
HUML,L,CAT-G,
HUMM,L,CAT-G,
HUNT,M,CAT-G,
HURI,L,CAT-G,
HUSK,L,CAT-G,
I103,L,CAT-G,
I114,M,CAT-E,
I115,L,CAT-G,
I11B,L,CAT-G,
I153,L,CAT-G,
I15B,L,CAT-G,
I16,L,CAT-G,
I22,M,CAT-G,
I23,L,CAT-G,
I3,L,CAT-G,
I66,L,CAT-G,
I828,L,CAT-G,
IA46,L,CAT-G,
IA50,M,CAT-G,
IA51,L,CAT-G,
IA58,L,CAT-G,
IA63,L,CAT-G,
IFUR,L,CAT-G,
IL14,M,CAT-G,
IL18,M,CAT-D,
IL28,M,CAT-F,
IL38,M,CAT-D,
IL62,H,CAT-C,
IL76,H,CAT-C,
IL86,H,CAT-C,
IL96,H,CAT-B,
IMPU,L,CAT-G,
INCQ,L,CAT-G,
INEC,L,CAT-G,
INEX,L,CAT-G,
ION,L,CAT-G,
IP06,L,CAT-G,
IP10,L,CAT-G,
IP26,L,CAT-G,
IP6A,L,CAT-G,
IPAN,L,CAT-G,
IR21,L,CAT-G,
IR22,L,CAT-G,
IR23,L,CAT-G,
IR24,L,CAT-G,
IR25,L,CAT-G,
IR27,L,CAT-G,
IR28,L,CAT-G,
IR31,L,CAT-G,
IR46,L,CAT-G,
IR99,L,CAT-G,
IS28,L,CAT-G,
ISAT,L,CAT-G,
ISPT,L,CAT-G,
J1,L,CAT-G,
J10,M,CAT-G,
J177,L,CAT-G,
J2,L,CAT-G,
J3,L,CAT-G,
J300,L,CAT-G,
J328,M,CAT-G,
J4,L,CAT-G,
J5,L,CAT-G,
J728,M,CAT-F,
J8A,M,CAT-G,
J8B,M,CAT-G,
JAB2,L,CAT-G,
JAB4,L,CAT-G,
JABI,L,CAT-G,
JACE,L,CAT-G,
JAGR,M,CAT-G,
JAJ5,L,CAT-G,
JAJ6,L,CAT-G,
JANU,L,CAT-G,
JARO,L,CAT-G,
JAST,L,CAT-G,
JB15,L,CAT-G,
JC01,L,CAT-G,
JC02,L,CAT-G,
JCOM,M,CAT-G,
JCRU,L,CAT-G,
JD2,L,CAT-G,
JDOE,L,CAT-G,
JFOX,L,CAT-G,
JH7,M,CAT-F,
JK05,L,CAT-G,
JL9,M,CAT-G,
JN76,L,CAT-G,
JPM1,L,CAT-G,
JPRO,L,CAT-G,
JRC1,L,CAT-G,
JS1,L,CAT-G,
JS20,L,CAT-G,
JS3,L,CAT-G,
JS31,L,CAT-G,
JS32,M,CAT-G,
JS41,M,CAT-G,
JSQA,L,CAT-G,
JT2,L,CAT-G,
JU52,M,CAT-G,
Jun-01,L,CAT-G,
Jun-02,L,CAT-G,
JUNR,L,CAT-G,
JUPI,L,CAT-G,
K250,L,CAT-G,
K35E,H,CAT-C,
K35R,H,CAT-C,
K50,M,CAT-G,
K51,L,CAT-G,
K8,L,CAT-G,
KAFI,L,CAT-G,
KAK1,L,CAT-G,
KAK3,L,CAT-G,
KAT3,L,CAT-G,
KATB,L,CAT-G,
KATR,L,CAT-G,
KC2,M,CAT-D,
KE3,H,CAT-C,
KEHA,L,CAT-G,
KELA,L,CAT-G,
KELD,L,CAT-G,
KERO,L,CAT-G,
KEST,L,CAT-G,
KFIR,M,CAT-G,
KIS2,L,CAT-G,
KIS4,L,CAT-G,
KITI,L,CAT-G,
KIWI,L,CAT-G,
KK60,L,CAT-G,
KL07,L,CAT-G,
KL25,L,CAT-G,
KL35,L,CAT-G,
KLBR,L,CAT-G,
KM2,L,CAT-G,
KNTW,L,CAT-G,
KODI,L,CAT-G,
KOLL,L,CAT-G,
KP2,L,CAT-G,
KP5,L,CAT-G,
KR1,L,CAT-G,
KR2,L,CAT-G,
KR21,L,CAT-G,
KR30,L,CAT-G,
KR31,L,CAT-G,
KR34,L,CAT-G,
KRAG,L,CAT-G,
KRAH,L,CAT-G,
KRIC,L,CAT-G,
KSTK,L,CAT-G,
KT1,L,CAT-G,
KTOO,L,CAT-G,
KZ2,L,CAT-G,
KZ3,L,CAT-G,
KZ4,L,CAT-G,
KZ7,L,CAT-G,
KZ8,L,CAT-G,
L10,L,CAT-G,
L101,H,CAT-C,
L11,L,CAT-G,
L11E,L,CAT-G,
L12,L,CAT-G,
L13,L,CAT-G,
L13M,L,CAT-G,
L13S,L,CAT-G,
L14,M,CAT-G,
L15,M,CAT-G,
L159,M,CAT-G,
L18,M,CAT-G,
L181,L,CAT-G,
L188,M,CAT-E,
L200,L,CAT-G,
L29,L,CAT-G,
L29A,M,CAT-F,
L29B,M,CAT-F,
L37,M,CAT-G,
L380,L,CAT-G,
L39,L,CAT-G,
L40,L,CAT-G,
L410,L,CAT-G,
L5,L,CAT-G,
L59,L,CAT-G,
L60,L,CAT-G,
L610,M,CAT-G,
L70,L,CAT-G,
L8,L,CAT-G,
L90,L,CAT-G,
LA60,L,CAT-G,
LA6T,L,CAT-G,
LACO,L,CAT-G,
LAE1,L,CAT-G,
LAKR,L,CAT-G,
LAKX,L,CAT-G,
LANC,M,CAT-E,
LARK,L,CAT-G,
LAST,L,CAT-G,
LBUG,L,CAT-G,
LCA,M,CAT-G,
LCB,L,CAT-G,
LCR,L,CAT-G,
LEG2,L,CAT-G,
LEGD,L,CAT-G,
LEOP,L,CAT-G,
LEVI,L,CAT-G,
LGEZ,L,CAT-G,
LH10,L,CAT-G,
LIBE,L,CAT-G,
LION,L,CAT-G,
LJ23,L,CAT-G,
LJ24,L,CAT-G,
LJ25,L,CAT-G,
LJ28,L,CAT-G,
LJ31,M,CAT-G,
LJ35,M,CAT-G,
LJ40,M,CAT-G,
LJ45,M,CAT-G,
LJ55,M,CAT-G,
LJ60,M,CAT-G,
LJ70,M,CAT-G,
LJ75,M,CAT-G,
LJ85,M,CAT-G,
LK17,L,CAT-G,
LK19,L,CAT-G,
LK20,L,CAT-G,
LM5,L,CAT-G,
LM5X,L,CAT-G,
LM7,L,CAT-G,
LMK1,L,CAT-G,
LN27,L,CAT-G,
LNC2,L,CAT-G,
LNC4,L,CAT-G,
LNCE,L,CAT-G,
LNP4,L,CAT-G,
LNT4,L,CAT-G,
LOCA,L,CAT-G,
LOVE,L,CAT-G,
LP1,L,CAT-G,
LS10,L,CAT-G,
LS2,L,CAT-G,
LS8,L,CAT-G,
LS9,L,CAT-G,
LSTR,L,CAT-G,
LTNG,M,CAT-F,
LUL5,L,CAT-G,
LUL6,L,CAT-G,
LUL7,L,CAT-G,
LUL8,L,CAT-G,
LV51,L,CAT-G,
LW20,L,CAT-G,
LW40,L,CAT-G,
LWIN,L,CAT-G,
LX32,L,CAT-G,
LX34,L,CAT-G,
LYSA,L,CAT-G,
M10,L,CAT-G,
M101,L,CAT-G,
M106,L,CAT-G,
M108,L,CAT-G,
M110,L,CAT-G,
M15,L,CAT-G,
M17,M,CAT-D,
M18,L,CAT-G,
M18T,L,CAT-G,
M1SC,L,CAT-G,
M2,L,CAT-G,
M200,L,CAT-G,
M203,L,CAT-G,
M20P,L,CAT-G,
M20T,L,CAT-G,
M21,L,CAT-G,
M212,L,CAT-G,
M22,L,CAT-G,
M24,L,CAT-G,
M26,L,CAT-G,
M28,M,CAT-G,
M2HK,L,CAT-G,
M308,L,CAT-G,
M326,L,CAT-G,
M339,L,CAT-G,
M346,M,CAT-G,
M360,L,CAT-G,
M4,L,CAT-G,
M404,M,CAT-E,
M5,L,CAT-G,
M55,M,CAT-D,
M6,L,CAT-G,
M7,L,CAT-G,
M7T,L,CAT-G,
M8,L,CAT-G,
M9,L,CAT-G,
MA1,L,CAT-G,
MA5,L,CAT-G,
MA60,M,CAT-E,
MA6H,M,CAT-E,
MAGC,L,CAT-G,
MAGI,L,CAT-G,
MAGN,L,CAT-G,
MAJR,L,CAT-G,
MAMB,L,CAT-G,
MAME,L,CAT-G,
MAVR,L,CAT-G,
MC10,L,CAT-G,
MC45,L,CAT-G,
MC90,L,CAT-G,
MCOU,L,CAT-G,
MCOY,L,CAT-G,
MCR1,L,CAT-G,
MCR4,L,CAT-G,
MCRR,L,CAT-G,
MCUL,L,CAT-G,
MD11,H,CAT-C,
MD3,L,CAT-G,
MD3R,L,CAT-G,
MD81,M,CAT-D,
MD82,M,CAT-D,
MD83,M,CAT-D,
MD87,M,CAT-D,
MD88,M,CAT-D,
MD90,M,CAT-D,
ME08,L,CAT-G,
ME09,L,CAT-G,
ME62,L,CAT-G,
MEAD,L,CAT-G,
MEL2,L,CAT-G,
MERK,L,CAT-G,
MESS,L,CAT-G,
METR,M,CAT-G,
MEXP,L,CAT-G,
MF10,L,CAT-G,
MF17,L,CAT-G,
MG15,L,CAT-G,
MG17,L,CAT-G,
MG19,M,CAT-G,
MG21,M,CAT-G,
MG23,M,CAT-G,
MG25,M,CAT-F,
MG29,M,CAT-F,
MG31,M,CAT-F,
MG44,M,CAT-F,
MGAT,L,CAT-G,
MGIC,L,CAT-G,
MGNM,L,CAT-G,
MH02,L,CAT-G,
MH46,L,CAT-G,
MICO,L,CAT-G,
MIDR,L,CAT-G,
MIMP,L,CAT-G,
MIMU,L,CAT-G,
MIR2,M,CAT-G,
MIRA,M,CAT-G,
MITE,L,CAT-G,
MJ10,L,CAT-G,
MJ12,L,CAT-G,
MJ1H,L,CAT-G,
MJ2,L,CAT-G,
MJ3,L,CAT-G,
MJ4,L,CAT-G,
MJ5,L,CAT-G,
MJ53,L,CAT-G,
MJ55,L,CAT-G,
MJ7,L,CAT-G,
MJ77,L,CAT-G,
MJ8,L,CAT-G,
MJ80,L,CAT-G,
MJ9,L,CAT-G,
MJ90,L,CAT-G,
MLER,L,CAT-G,
MMAC,L,CAT-G,
MMUT,L,CAT-G,
MNEX,L,CAT-G,
MOCU,L,CAT-G,
MOGO,L,CAT-G,
MOL1,L,CAT-G,
MONA,L,CAT-G,
MONI,L,CAT-G,
MOR2,L,CAT-G,
MOSP,L,CAT-G,
MOSQ,M,CAT-G,
MOTO,L,CAT-G,
MP02,L,CAT-G,
MP20,L,CAT-G,
MR25,L,CAT-G,
MR35,L,CAT-G,
MR3T,L,CAT-G,
MRAI,L,CAT-G,
MRAM,L,CAT-G,
MRF1,M,CAT-G,
MRJ7,M,CAT-E,
MRJ9,M,CAT-E,
MRTN,L,CAT-G,
MS1,L,CAT-G,
MS18,L,CAT-G,
MS23,L,CAT-G,
MS25,L,CAT-G,
MS30,L,CAT-G,
MS31,L,CAT-G,
MS73,L,CAT-G,
MS76,L,CAT-G,
MSAI,L,CAT-G,
MSQ2,L,CAT-G,
MT2,M,CAT-G,
MU2,L,CAT-G,
MU23,L,CAT-G,
MU30,M,CAT-G,
MUS2,L,CAT-G,
MVN1,L,CAT-G,
MVRK,L,CAT-G,
MX10,L,CAT-G,
MX1T,L,CAT-G,
MX2,L,CAT-G,
MX65,L,CAT-G,
MX80,L,CAT-G,
MXS,L,CAT-G,
MY12,L,CAT-G,
MY13,L,CAT-G,
MYA4,H,CAT-C,
MYS4,M,CAT-G,
N110,L,CAT-G,
N120,L,CAT-G,
N250,M,CAT-E,
N260,M,CAT-G,
N262,M,CAT-G,
N3,L,CAT-G,
N320,L,CAT-G,
N340,L,CAT-G,
N3N,L,CAT-G,
N5,L,CAT-G,
NAL2,L,CAT-G,
NAVI,L,CAT-G,
NC85,L,CAT-G,
ND1T,L,CAT-G,
NDAC,L,CAT-G,
NDAT,L,CAT-G,
NDIC,L,CAT-G,
NG4,L,CAT-G,
NG5,L,CAT-G,
NHCO,L,CAT-G,
NI28,L,CAT-G,
NIBB,L,CAT-G,
NIMB,L,CAT-G,
NIPR,L,CAT-G,
NM5,L,CAT-G,
NMCU,L,CAT-G,
NNJA,L,CAT-G,
NOMA,L,CAT-G,
NORA,M,CAT-D,
NORS,L,CAT-G,
NPOR,L,CAT-G,
NSTR,L,CAT-G,
NT10,L,CAT-G,
NXT,L,CAT-G,
O1,L,CAT-G,
O3,L,CAT-G,
OM1,L,CAT-G,
OMAG,L,CAT-G,
OMGA,L,CAT-G,
OMLA,L,CAT-G,
ONE,L,CAT-G,
ONEX,L,CAT-G,
OPCA,L,CAT-G,
OSCR,L,CAT-G,
OUDE,L,CAT-G,
OVOD,L,CAT-G,
OZZI,L,CAT-G,
P06T,L,CAT-G,
P1,M,CAT-D,
P100,L,CAT-G,
P130,L,CAT-G,
P148,L,CAT-G,
P149,L,CAT-G,
P180,L,CAT-G,
P18T,L,CAT-G,
P19,L,CAT-G,
P2,M,CAT-E,
P208,L,CAT-G,
P210,L,CAT-G,
P212,L,CAT-G,
P220,L,CAT-G,
P230,L,CAT-G,
P27,L,CAT-G,
P270,L,CAT-G,
P28A,L,CAT-G,
P28B,L,CAT-G,
P28R,L,CAT-G,
P28S,L,CAT-G,
P28T,L,CAT-G,
P28U,L,CAT-G,
P3,M,CAT-E,
P32R,L,CAT-G,
P32T,L,CAT-G,
P337,L,CAT-G,
P38,M,CAT-G,
P39,L,CAT-G,
P40,L,CAT-G,
P46T,L,CAT-G,
P47,M,CAT-G,
P4Y,M,CAT-D,
P50,L,CAT-G,
P51,L,CAT-G,
P57,L,CAT-G,
P60,L,CAT-G,
P61,M,CAT-G,
P63,L,CAT-G,
P66P,L,CAT-G,
P66T,L,CAT-G,
P68,L,CAT-G,
P68T,L,CAT-G,
P70,L,CAT-G,
P750,L,CAT-G,
P8,M,CAT-D,
P80,L,CAT-G,
P82,M,CAT-G,
PA11,L,CAT-G,
PA12,L,CAT-G,
PA14,L,CAT-G,
PA15,L,CAT-G,
PA16,L,CAT-G,
PA17,L,CAT-G,
PA18,L,CAT-G,
PA20,L,CAT-G,
PA22,L,CAT-G,
PA23,L,CAT-G,
PA24,L,CAT-G,
PA25,L,CAT-G,
PA27,L,CAT-G,
PA30,L,CAT-G,
PA31,L,CAT-G,
PA32,L,CAT-G,
PA34,L,CAT-G,
PA36,L,CAT-G,
PA38,L,CAT-G,
PA44,L,CAT-G,
PA46,L,CAT-G,
PA47,L,CAT-G,
PAGO,L,CAT-G,
PANT,L,CAT-G,
PAR1,L,CAT-G,
PAR4,L,CAT-G,
PARL,L,CAT-G,
PAT2,L,CAT-G,
PAT4,L,CAT-G,
PAUL,L,CAT-G,
PAY1,L,CAT-G,
PAY2,L,CAT-G,
PAY3,L,CAT-G,
PAY4,L,CAT-G,
PC12,L,CAT-G,
PC21,L,CAT-G,
PC24,M,CAT-G,
PC6P,L,CAT-G,
PC6T,L,CAT-G,
PC7,L,CAT-G,
PC9,L,CAT-G,
PDIG,L,CAT-G,
PECR,L,CAT-G,
PEGA,L,CAT-G,
PEGZ,L,CAT-G,
PELI,L,CAT-G,
PEMB,L,CAT-G,
PETL,L,CAT-G,
PGEE,L,CAT-G,
PGK1,L,CAT-G,
PHNX,L,CAT-G,
PIAE,L,CAT-G,
PIAT,L,CAT-G,
PICO,L,CAT-G,
PILL,L,CAT-G,
PINO,L,CAT-G,
PIPA,L,CAT-G,
PISI,L,CAT-G,
PIT4,L,CAT-G,
PITA,L,CAT-G,
PITE,L,CAT-G,
PIVI,L,CAT-G,
PK11,L,CAT-G,
PK15,L,CAT-G,
PK18,L,CAT-G,
PK19,L,CAT-G,
PK20,L,CAT-G,
PK21,L,CAT-G,
PK23,L,CAT-G,
PK25,L,CAT-G,
PKAN,L,CAT-G,
PL1,L,CAT-G,
PL12,L,CAT-G,
PL2,L,CAT-G,
PL4,L,CAT-G,
PL9,L,CAT-G,
PLUS,L,CAT-G,
PNR2,L,CAT-G,
PNR3,L,CAT-G,
PNR4,L,CAT-G,
PO2,L,CAT-G,
PO60,L,CAT-G,
POLI,L,CAT-G,
PP2,L,CAT-G,
PP3,L,CAT-G,
PPRO,L,CAT-G,
PRBP,L,CAT-G,
PRBR,L,CAT-G,
PRCE,L,CAT-G,
PREN,L,CAT-G,
PRET,L,CAT-G,
PREX,L,CAT-G,
PRM1,L,CAT-G,
PROC,L,CAT-G,
PROT,L,CAT-G,
PROW,L,CAT-G,
PRPR,L,CAT-G,
PRTS,L,CAT-G,
PRXT,L,CAT-G,
PSTM,L,CAT-G,
PT21,L,CAT-G,
PT22,L,CAT-G,
PT70,L,CAT-G,
PT80,L,CAT-G,
PTMS,L,CAT-G,
PTRL,L,CAT-G,
PTS1,L,CAT-G,
PTS2,L,CAT-G,
PTSS,L,CAT-G,
PUL6,L,CAT-G,
PULS,L,CAT-G,
PUP,L,CAT-G,
PURS,L,CAT-G,
PUSH,L,CAT-G,
PW4,L,CAT-G,
PZ01,L,CAT-G,
PZ02,L,CAT-G,
PZ04,L,CAT-G,
PZ05,L,CAT-G,
PZ06,L,CAT-G,
PZ12,L,CAT-G,
PZ26,L,CAT-G,
PZ3T,L,CAT-G,
PZ4M,L,CAT-G,
PZ6T,L,CAT-G,
Q5,M,CAT-G,
QAIL,L,CAT-G,
QALT,L,CAT-G,
QEST,L,CAT-G,
QIC2,L,CAT-G,
QR01,L,CAT-G,
QUAS,L,CAT-G,
QUIC,L,CAT-G,
R100,L,CAT-G,
R109,L,CAT-G,
R11,L,CAT-G,
R135,H,CAT-C,
R185,L,CAT-G,
R200,L,CAT-G,
R300,L,CAT-G,
R721,M,CAT-D,
R722,M,CAT-D,
R90F,L,CAT-G,
R90R,L,CAT-G,
R90T,L,CAT-G,
RA14,L,CAT-G,
RA17,L,CAT-G,
RAID,L,CAT-G,
RAIL,L,CAT-G,
RALL,L,CAT-G,
RANG,L,CAT-G,
RARO,L,CAT-G,
RAV3,L,CAT-G,
RAV5,L,CAT-G,
RAZM,L,CAT-G,
RBEL,L,CAT-G,
RC70,L,CAT-G,
RD03,L,CAT-G,
RD20,L,CAT-G,
RDH2,L,CAT-G,
RELI,L,CAT-G,
RENE,L,CAT-G,
RF10,L,CAT-G,
RF3,L,CAT-G,
RF4,L,CAT-G,
RF47,L,CAT-G,
RF5,L,CAT-G,
RF6,L,CAT-G,
RF9,L,CAT-G,
RFAL,M,CAT-F,
RGNT,L,CAT-G,
RJ03,L,CAT-G,
RJ1H,M,CAT-F,
RJ70,M,CAT-F,
RJ85,M,CAT-F,
RK5,L,CAT-G,
RLU1,L,CAT-G,
RNGR,L,CAT-G,
ROAR,L,CAT-G,
RODS,L,CAT-G,
ROND,L,CAT-G,
ROSE,L,CAT-G,
RS12,L,CAT-G,
RS18,L,CAT-G,
RTA4,L,CAT-G,
RUBI,L,CAT-G,
RV10,L,CAT-G,
RV12,L,CAT-G,
RV14,L,CAT-G,
RV3,L,CAT-G,
RV4,L,CAT-G,
RV4T,L,CAT-G,
RV6,L,CAT-G,
RV7,L,CAT-G,
RV8,L,CAT-G,
RV9,L,CAT-G,
RW19,L,CAT-G,
RW20,L,CAT-G,
RW22,L,CAT-G,
RW26,L,CAT-G,
RW3,L,CAT-G,
RYST,L,CAT-G,
S05F,L,CAT-G,
S05R,L,CAT-G,
S1,L,CAT-G,
S10,L,CAT-G,
S108,L,CAT-G,
S10S,L,CAT-G,
S11,L,CAT-G,
S200,L,CAT-G,
S208,L,CAT-G,
S21,L,CAT-G,
S210,M,CAT-D,
S211,L,CAT-G,
S223,L,CAT-G,
S22T,L,CAT-G,
S2P,M,CAT-G,
S2T,M,CAT-G,
S3,M,CAT-F,
S37,M,CAT-F,
S4,L,CAT-G,
S45,L,CAT-G,
S450,L,CAT-G,
S51D,L,CAT-G,
S6,L,CAT-G,
S601,L,CAT-G,
S900,L,CAT-G,
SA02,L,CAT-G,
SA03,L,CAT-G,
SA04,L,CAT-G,
SA05,L,CAT-G,
SA10,L,CAT-G,
SA11,L,CAT-G,
SA2,L,CAT-G,
SA3,L,CAT-G,
SA30,L,CAT-G,
SA37,L,CAT-G,
SA38,L,CAT-G,
SA50,L,CAT-G,
SA6,L,CAT-G,
SA6E,L,CAT-G,
SA7,L,CAT-G,
SA70,L,CAT-G,
SA75,L,CAT-G,
SA8T,L,CAT-G,
SAB2,L,CAT-G,
SABA,L,CAT-G,
SACE,L,CAT-G,
SACR,L,CAT-G,
SAFF,L,CAT-G,
SAH1,L,CAT-G,
SAKO,L,CAT-G,
SALB,L,CAT-G,
SAM,L,CAT-G,
SAPH,L,CAT-G,
SASH,L,CAT-G,
SASP,L,CAT-G,
SASY,L,CAT-G,
SATA,L,CAT-G,
SAVA,L,CAT-G,
SAVG,L,CAT-G,
SB05,L,CAT-G,
SB20,M,CAT-F,
SB29,M,CAT-G,
SB32,M,CAT-G,
SB35,M,CAT-G,
SB37,M,CAT-F,
SB39,M,CAT-G,
SB7,L,CAT-G,
SB91,L,CAT-G,
SBD,L,CAT-G,
SBLS,L,CAT-G,
SBM3,L,CAT-G,
SBOY,L,CAT-G,
SBR1,M,CAT-G,
SBR2,M,CAT-G,
SC01,L,CAT-G,
SC7,L,CAT-G,
SCAM,L,CAT-G,
SCEP,L,CAT-G,
SCOM,L,CAT-G,
SCRO,L,CAT-G,
SCTR,L,CAT-G,
SCUB,L,CAT-G,
SCW1,L,CAT-G,
SD26,L,CAT-G,
SD4,L,CAT-G,
SDUS,L,CAT-G,
SE5A,L,CAT-G,
SE5R,L,CAT-G,
SERA,L,CAT-G,
SF2,L,CAT-G,
SF23,L,CAT-G,
SF24,L,CAT-G,
SF25,L,CAT-G,
SF27,L,CAT-G,
SF28,L,CAT-G,
SF31,L,CAT-G,
SF32,L,CAT-G,
SF34,M,CAT-F,
SF35,L,CAT-G,
SF36,L,CAT-G,
SF50,L,CAT-G,
SG37,L,CAT-G,
SG70,L,CAT-G,
SG92,L,CAT-G,
SGRA,L,CAT-G,
SGUP,M,CAT-D,
SH33,M,CAT-G,
SH36,M,CAT-G,
SHAC,M,CAT-D,
SHAW,M,CAT-G,
SHEK,L,CAT-G,
SHER,L,CAT-G,
SHOE,L,CAT-G,
SHOP,L,CAT-G,
SHOR,L,CAT-G,
SHRK,L,CAT-G,
SHRT,L,CAT-G,
SIDE,L,CAT-G,
SIGM,L,CAT-G,
SILH,L,CAT-G,
SIR2,L,CAT-G,
SIRA,L,CAT-G,
SJ30,L,CAT-G,
SJET,L,CAT-G,
SK10,L,CAT-G,
SK70,L,CAT-G,
SKAR,L,CAT-G,
SKRA,L,CAT-G,
SKYC,L,CAT-G,
SKYO,L,CAT-G,
SKYR,L,CAT-G,
SL1,L,CAT-G,
SL39,L,CAT-G,
SL90,L,CAT-G,
SLG2,L,CAT-G,
SLG4,L,CAT-G,
SLK3,L,CAT-G,
SLK5,L,CAT-G,
SM01,L,CAT-G,
SM19,L,CAT-G,
SM20,L,CAT-G,
SM60,L,CAT-G,
SM92,L,CAT-G,
SMB2,M,CAT-G,
SNAP,L,CAT-G,
SNGY,L,CAT-G,
SNOS,L,CAT-G,
SNS2,L,CAT-G,
SNS7,L,CAT-G,
SNS9,L,CAT-G,
SNTA,L,CAT-G,
SOK2,L,CAT-G,
SOKL,L,CAT-G,
SOL1,L,CAT-G,
SOL2,L,CAT-G,
SOLI,L,CAT-G,
SONX,L,CAT-G,
SORA,L,CAT-G,
SP20,L,CAT-G,
SP33,L,CAT-G,
SP55,L,CAT-G,
SP6E,L,CAT-G,
SP7,L,CAT-G,
SP91,L,CAT-G,
SP95,L,CAT-G,
SPA2,L,CAT-G,
SPAR,L,CAT-G,
SPC2,L,CAT-G,
SPDR,L,CAT-G,
SPEL,L,CAT-G,
SPIR,L,CAT-G,
SPIT,L,CAT-G,
SPOR,L,CAT-G,
SPR2,L,CAT-G,
SPRT,L,CAT-G,
SPST,L,CAT-G,
SPT1,L,CAT-G,
SQ2T,L,CAT-G,
SQES,L,CAT-G,
SR01,L,CAT-G,
SR20,L,CAT-G,
SR22,L,CAT-G,
SR71,M,CAT-F,
SRAC,L,CAT-G,
SRAI,L,CAT-G,
SRAS,L,CAT-G,
SS2,M,CAT-G,
SS2P,L,CAT-G,
SS2T,L,CAT-G,
SSAB,M,CAT-G,
ST1,L,CAT-G,
ST10,L,CAT-G,
ST30,L,CAT-G,
ST50,L,CAT-G,
ST60,L,CAT-G,
ST75,L,CAT-G,
ST87,L,CAT-G,
STAL,L,CAT-G,
STAR,L,CAT-G,
STAT,L,CAT-G,
STCH,L,CAT-G,
STFF,L,CAT-G,
STIL,L,CAT-G,
STLN,L,CAT-G,
STOR,L,CAT-G,
STR2,L,CAT-G,
STRA,L,CAT-G,
STRE,L,CAT-G,
STRI,L,CAT-G,
STRK,L,CAT-G,
STRM,L,CAT-G,
STST,L,CAT-G,
SU15,M,CAT-G,
SU17,M,CAT-F,
SU24,M,CAT-F,
SU25,M,CAT-F,
SU26,L,CAT-G,
SU27,M,CAT-F,
SU29,L,CAT-G,
SU31,L,CAT-G,
SU38,L,CAT-G,
SU7,M,CAT-G,
SU80,M,CAT-G,
SU95,M,CAT-E,
SUBA,L,CAT-G,
SUNB,L,CAT-G,
SUNV,L,CAT-G,
SURU,L,CAT-G,
SUSO,L,CAT-G,
SV4,L,CAT-G,
SVNH,L,CAT-G,
SW18,L,CAT-G,
SW2,L,CAT-G,
SW3,L,CAT-G,
SW4,M,CAT-G,
SWAK,L,CAT-G,
SWAT,L,CAT-G,
SWIF,M,CAT-G,
SWIN,L,CAT-G,
SWOR,L,CAT-G,
SX30,L,CAT-G,
SYMP,L,CAT-G,
SYNC,L,CAT-G,
SZ45,L,CAT-G,
SZ9M,L,CAT-G,
T1,L,CAT-G,
T10,L,CAT-G,
T101,L,CAT-G,
T134,M,CAT-E,
T144,H,CAT-C,
T154,M,CAT-D,
T160,H,CAT-B,
T18,L,CAT-G,
T19,L,CAT-G,
T2,L,CAT-G,
T204,M,CAT-D,
T206,L,CAT-G,
T210,L,CAT-G,
T211,L,CAT-G,
T22M,M,CAT-D,
T250,L,CAT-G,
T28,L,CAT-G,
T30,L,CAT-G,
T33,M,CAT-G,
T334,M,CAT-E,
T34P,L,CAT-G,
T34T,L,CAT-G,
T35,L,CAT-G,
T37,L,CAT-G,
T38,L,CAT-G,
T4,M,CAT-G,
T40,L,CAT-G,
T411,L,CAT-G,
T415,L,CAT-G,
T419,L,CAT-G,
T5,L,CAT-G,
T50,L,CAT-G,
T50S,M,CAT-F,
T51,L,CAT-G,
T6,L,CAT-G,
T7,L,CAT-G,
TA15,L,CAT-G,
TA20,L,CAT-G,
TAA1,L,CAT-G,
TAGO,L,CAT-G,
TAIL,L,CAT-G,
TAMP,L,CAT-G,
TARO,L,CAT-G,
TARR,L,CAT-G,
TAYA,L,CAT-G,
TAYB,L,CAT-G,
TAYD,L,CAT-G,
TB05,L,CAT-G,
TB20,L,CAT-G,
TB21,L,CAT-G,
TB30,L,CAT-G,
TB31,L,CAT-G,
TBM,M,CAT-G,
TBM7,L,CAT-G,
TBM8,L,CAT-G,
TBM9,L,CAT-G,
TBR3,L,CAT-G,
TC2,L,CAT-G,
TCAT,M,CAT-G,
TCOU,L,CAT-G,
TD1,L,CAT-G,
TD2,L,CAT-G,
TD3,L,CAT-G,
TERM,L,CAT-G,
TERR,L,CAT-G,
TEX2,L,CAT-G,
TEXA,L,CAT-G,
TF19,L,CAT-G,
TF21,L,CAT-G,
TF22,L,CAT-G,
TFK2,L,CAT-G,
TFOC,L,CAT-G,
TFUN,L,CAT-G,
TGRS,L,CAT-G,
TIJU,L,CAT-G,
TIPB,L,CAT-G,
TJET,L,CAT-G,
TL20,L,CAT-G,
TL30,L,CAT-G,
TLEG,L,CAT-G,
TM5,L,CAT-G,
TMOT,L,CAT-G,
TMUS,L,CAT-G,
TNAV,L,CAT-G,
TNDR,L,CAT-G,
TOBA,L,CAT-G,
TOOT,L,CAT-G,
TOR,M,CAT-F,
TOUR,L,CAT-G,
TOXO,L,CAT-G,
TP40,L,CAT-G,
TPIL,L,CAT-G,
TPIN,L,CAT-G,
TR20,L,CAT-G,
TR26,L,CAT-G,
TR55,L,CAT-G,
TRAL,L,CAT-G,
TRAP,L,CAT-G,
TRBA,L,CAT-G,
TRDO,L,CAT-G,
TRF1,L,CAT-G,
TRIM,L,CAT-G,
TRIS,L,CAT-G,
TRMA,L,CAT-G,
TRWN,L,CAT-G,
TS11,L,CAT-G,
TS14,L,CAT-G,
TS1J,L,CAT-G,
TS8,L,CAT-G,
TSPT,L,CAT-G,
TSTN,L,CAT-G,
TT62,L,CAT-G,
TTRS,L,CAT-G,
TTWO,L,CAT-G,
TU16,M,CAT-D,
TU22,M,CAT-D,
TU4,M,CAT-D,
TU95,H,CAT-C,
TUCA,L,CAT-G,
TUL3,L,CAT-G,
TUTR,L,CAT-G,
TVL4,L,CAT-G,
TVLB,L,CAT-G,
TWEN,L,CAT-G,
TWIR,L,CAT-G,
TWSP,L,CAT-G,
TZRV,L,CAT-G,
U15,L,CAT-G,
U2,M,CAT-G,
U21,L,CAT-G,
U22,L,CAT-G,
UBAT,L,CAT-G,
UF10,L,CAT-G,
UF13,L,CAT-G,
UL10,L,CAT-G,
UL20,L,CAT-G,
UL2F,L,CAT-G,
UL45,L,CAT-G,
ULPA,L,CAT-G,
UNIV,L,CAT-G,
URRA,L,CAT-G,
UT60,L,CAT-G,
UT65,L,CAT-G,
UT66,L,CAT-G,
UT75,L,CAT-G,
UU12,L,CAT-G,
V1,M,CAT-G,
V10,L,CAT-G,
V252,L,CAT-G,
V322,L,CAT-G,
V351,L,CAT-G,
V452,L,CAT-G,
V8SP,L,CAT-G,
VALI,L,CAT-G,
VAMP,L,CAT-G,
VANT,L,CAT-G,
VAUT,M,CAT-F,
VC10,H,CAT-C,
VELO,L,CAT-G,
VENT,L,CAT-G,
VEZE,L,CAT-G,
VF14,M,CAT-F,
VF2,L,CAT-G,
VF35,M,CAT-F,
VF60,L,CAT-G,
VG3T,L,CAT-G,
VGUL,L,CAT-G,
VIMA,L,CAT-G,
VIMY,L,CAT-G,
VIPJ,L,CAT-G,
VIPR,L,CAT-G,
VISC,M,CAT-E,
VISI,L,CAT-G,
VIVA,L,CAT-G,
VIX,L,CAT-G,
VIXN,L,CAT-G,
VK3P,L,CAT-G,
VL3,L,CAT-G,
VM1,L,CAT-G,
VMT,H,CAT-C,
VNOM,M,CAT-G,
VO10,L,CAT-G,
VOL2,L,CAT-G,
VP2,L,CAT-G,
VR20,L,CAT-G,
VSON,L,CAT-G,
VTOR,L,CAT-G,
VTRA,L,CAT-G,
VTUR,L,CAT-G,
VULC,M,CAT-D,
VUT1,L,CAT-G,
VVIG,L,CAT-G,
VW10,L,CAT-G,
VWIT,L,CAT-G,
W11,L,CAT-G,
W201,L,CAT-G,
W62T,L,CAT-G,
WA40,L,CAT-G,
WA41,L,CAT-G,
WA42,L,CAT-G,
WA50,L,CAT-G,
WA80,L,CAT-G,
WAC9,L,CAT-G,
WACA,L,CAT-G,
WACC,L,CAT-G,
WACD,L,CAT-G,
WACE,L,CAT-G,
WACF,L,CAT-G,
WACG,L,CAT-G,
WACM,L,CAT-G,
WACN,L,CAT-G,
WACO,L,CAT-G,
WACT,L,CAT-G,
WAIX,L,CAT-G,
WB57,M,CAT-F,
WBOO,L,CAT-G,
WCAT,L,CAT-G,
WDEX,L,CAT-G,
WF4U,L,CAT-G,
WFOC,L,CAT-G,
WFUR,L,CAT-G,
WH1,L,CAT-G,
WHAT,L,CAT-G,
WHIL,L,CAT-G,
WHIS,L,CAT-G,
WHIT,L,CAT-G,
WHK2,M,CAT-D,
WHKN,M,CAT-G,
WICH,L,CAT-G,
WILT,L,CAT-G,
WIND,L,CAT-G,
WINE,L,CAT-G,
WIRR,L,CAT-G,
WISP,L,CAT-G,
WM2,L,CAT-G,
WOPU,L,CAT-G,
WP40,L,CAT-G,
WP47,L,CAT-G,
WS22,L,CAT-G,
WSP,L,CAT-G,
WT9,L,CAT-G,
WW1,L,CAT-G,
WW23,M,CAT-G,
WW24,M,CAT-G,
WZER,L,CAT-G,
X29,M,CAT-G,
X32,M,CAT-F,
X4,L,CAT-G,
X55,M,CAT-G,
XA41,L,CAT-G,
XA42,L,CAT-G,
XA85,L,CAT-G,
XAIR,L,CAT-G,
XL2,L,CAT-G,
XNOS,L,CAT-G,
Y11,L,CAT-G,
Y112,L,CAT-G,
Y12,L,CAT-G,
Y12F,M,CAT-G,
Y130,M,CAT-G,
Y141,M,CAT-F,
Y18T,L,CAT-G,
YAK3,L,CAT-G,
YAK9,L,CAT-G,
YALE,L,CAT-G,
YARR,L,CAT-G,
YAST,L,CAT-G,
YC12,L,CAT-G,
YK11,L,CAT-G,
YK12,L,CAT-G,
YK18,L,CAT-G,
YK28,M,CAT-F,
YK30,L,CAT-G,
YK38,M,CAT-G,
YK40,M,CAT-G,
YK42,M,CAT-D,
YK50,L,CAT-G,
YK52,L,CAT-G,
YK53,L,CAT-G,
YK54,L,CAT-G,
YK55,L,CAT-G,
YK58,L,CAT-G,
YS11,M,CAT-E,
YUNO,L,CAT-G,
YURO,M,CAT-G,
Z22,L,CAT-G,
Z26,L,CAT-G,
Z37P,L,CAT-G,
Z37T,L,CAT-G,
Z42,L,CAT-G,
Z43,L,CAT-G,
Z50,L,CAT-G,
ZEP2,L,CAT-G,
ZEPH,L,CAT-G,
ZERO,L,CAT-G,
ZIA,L,CAT-G,
ZIU,L,CAT-G,
ZULU,L,CAT-G,
